{
  "PspSigning": {
    "KeyProviderMode": "Configuration",
    "DefaultAlgorithm": "ed25519",
    "DefaultExpirationSeconds": 86400,
    "DefaultTrustLevel": 2,
    "DefaultPriority": 50,
    "ConfiguredKeys": [
      {
        "Kid": "demo-ed25519-2025-01",
        "Algorithm": "ed25519",
        "PublicKeyBase64": "11qYAYKxCrfVS/7TyWQHOg7hcvPapiMlrwIaaPcHURo=",
        "PrivateKeyBase64": "nWGxne/9WmC6hEr0kuwsxERJxWl7MmkZcDusAxyuf2A=",
        "Environment": "development",
        "Status": "Active"
      },
      {
        "Kid": "demo-hmac-2025-01",
        "Algorithm": "hmac-sha256",
        "SecretBase64": "K7gNU3sdo+OL0wNhqoVWhr3g6s1xYv72ol/pe/Unols=",
        "Environment": "development",
        "Status": "Active"
      }
    ],
    "ConfiguredEncryptionKeys": [
      {
        "KeyId": "demo-aes-2025-01",
        "KeyBase64": "jv1q1A2nKp/7fQ7EdrWk9nVYaroxuVjXwUMQ3/tY4hc=",
        "Environment": "development",
        "Status": "Active"
      }
    ]
  }
}
